Sugar Mill Source,Ethanol Plant Destination,Bagasse Allocated (MT),Transport Distance (km),Ton-Kilometers
Agasti Sahakari Sakhar Karkhana Ltd. – Agasti,ARSS Bio-fuels Ltd.,6916.0,50.97,352504.64
Ajinkyatara Sahakari Sakhar Karkhana Ltd.,Ajinkyatara SSK Ltd.,6916.0,3.2,22111.94
Jaywant Sugars Ltd. – Jaywant,Ajinkyatara SSK Ltd.,6916.0,20.47,141545.63
Kisanveer Satara SSK Ltd. – Bhuinj,Ajinkyatara SSK Ltd.,11065.6,25.9,286607.68
Sahyadri Sahakari Sakhar Karkhana Ltd. – Sahyadri,Ajinkyatara SSK Ltd.,10035.6,34.82,349434.63
Shri Tatyasaheb Kore Warana S.S.K. Ltd.,Ajinkyatara SSK Ltd.,10066.8,88.31,888994.73
"Shivgiri Agro Sugar Works Pvt. Ltd. (Bhairavnath Sugar Works Ltd., Unit-II)",Baramati Agro Ltd.,6916.0,30.15,208484.35
Kamalabhavani Global Corp. Ltd.,Baramati Agro Ltd.,13832.0,40.02,553622.87
Bhaurao Chavan Sahakari Sakhar Karkhana Ltd.,Bhaurao Chavan SSK Ltd.,9682.4,0.09,870.73
Bhaurao Chavan Sahakari Sakhar Karkhana Ltd. (Unit-2),Bhaurao Chavan SSK Ltd.,3458.0,20.18,69799.09
Shivaji Service Station (Sugar Unit),Bhaurao Chavan SSK Ltd.,3458.0,32.12,111058.38
Twenty One Sugars Ltd. (Unit-3),Bhaurao Chavan SSK Ltd.,1429.2,34.74,49646.91
Kunturkar Sugar & Agro Pvt. Ltd.,Bhaurao Chavan SSK Ltd.,6916.0,35.13,242927.15
Shri Subhash Sugar Pvt. Ltd.,Bhaurao Chavan SSK Ltd.,9682.4,39.32,380721.38
M.V.K. Agro Food Product Ltd.,Bhaurao Chavan SSK Ltd.,3458.0,42.03,145342.47
Vasant Sahakari Sakhar Karkhana Ltd.,Bhaurao Chavan SSK Ltd.,6916.0,69.43,480147.4
MRN Bhima Sugar And Power Pvt. Ltd. (Bhima Sahakari Sakhar Karkhana Ltd.),Bhima SSK Ltd.,13832.0,14.28,197501.51
Sahakar Maharshi Shivajirao Narayanrao Nagawade Sahakari Sakhar Karkhana Ltd.,Bhima SSK Ltd.,13832.0,14.61,202129.62
Gauri Sugar and Distilleries Pvt. Ltd. (Unit No. 04),Bhima SSK Ltd.,20748.0,22.88,474670.03
OSG Green Energy Pvt. Ltd. (Unit No. 12),Bhima SSK Ltd.,6916.0,36.84,254767.78
Baramati Agro Ltd. (Unit-2),Chitali Distillery Ltd.,2582.08,82.58,213230.38
Daund Sugar Pvt. Ltd.,Daund Sugars Pvt. Ltd.,16598.4,0.0,40.08
Shri Ambalika Sugars Pvt. Ltd. – Jagdamba,Daund Sugars Pvt. Ltd.,20748.0,17.81,369582.84
Baramati Agro Ltd. (Unit-1),Daund Sugars Pvt. Ltd.,3627.2,17.99,65246.91
Moolchand Sugar Pvt. Ltd. (Operator of Jailaxmi Sugar),Dr. Babasaheb Ambedkar SSK Ltd.,9682.4,2.97,28751.69
Dr. Babasaheb Ambedkar Sahakari Sakhar Karkhana Ltd.,Dr. Babasaheb Ambedkar SSK Ltd.,13832.0,7.18,99270.24
Manjra Sugar Industries Pvt. Ltd.,Dr. Babasaheb Ambedkar SSK Ltd.,9682.4,27.49,266131.77
Shri Tuljabhavani Shetkari Sahakari Sakhar Karkhana Ltd.,Dr. Babasaheb Ambedkar SSK Ltd.,2151.6,48.56,104488.54
Shri Tuljabhavani Shetkari Sahakari Sakhar Karkhana Ltd.,Dr. Babasaheb Ambedkar SSK Ltd.,2151.6,48.56,104488.54
Dr. Baburao Bapuji Tanpure S.S.K. Ltd. – Rahuri,Dr. Baburao Bapuji Tanpure SSK Ltd.,9559.2,7.66,73220.92
Prasad Sugar and Allied Agro Products Ltd.,Dr. Baburao Bapuji Tanpure SSK Ltd.,6916.0,10.53,72859.89
Mula Sahakari Sakhar Karkhana Ltd.,Dr. Baburao Bapuji Tanpure SSK Ltd.,13524.8,19.83,268257.07
Twenty One Sugars Ltd. (Unit-2),Gangakhed Sugar & Energy Ltd.,9682.4,14.78,143141.53
G7 Sugar Ltd.,Gangakhed Sugar & Energy Ltd.,5409.6,18.41,99608.88
Siddhi Sugar and Allied Industries Pvt. Ltd.,Gangakhed Sugar & Energy Ltd.,5532.8,26.64,147407.02
Shri Laxmi Narshinha Sugars LLP,Gangakhed Sugar & Energy Ltd.,6916.0,30.23,209049.77
Twenty One Sugars Ltd. (Unit-3),Gangakhed Sugar & Energy Ltd.,2459.2,42.95,105626.46
Jai Hind Sugar (Unit-2) / Gangapur Sugar Factory,Gangapur SSK Ltd.,5532.8,11.51,63677.83
Mukteshwar Sugar Mills Ltd.,Gangapur SSK Ltd.,3458.0,17.69,61159.28
Ghrushneshwar Sugars Pvt. Ltd.,Gangapur SSK Ltd.,6916.0,46.58,322125.76
Chhatrapati Sambhaji Raje Sakhar Udyog Ltd.,Gangapur SSK Ltd.,261.2,52.21,13637.73
Deogiri Sahakari Sakhar Karkhana Ltd.,Gangapur SSK Ltd.,6916.0,60.56,418845.63
Deogiri Sahakari Sakhar Karkhana Ltd.,Gangapur SSK Ltd.,6916.0,60.56,418845.63
Krushinath Green Energy Ltd. (Sopanrao),Ghodganga SSK Ltd.,3458.0,13.76,47596.43
Shree Kranti Sugar and Power Ltd.,Ghodganga SSK Ltd.,3458.0,20.51,70925.78
Raosahebdada Pawar Ghodganga Sahakari Sakhar Karkhana Ltd.,Ghodganga SSK Ltd.,13832.0,22.0,304288.85
Shreenath Mhaskoba Sakhar Karkhana Ltd.,Ghodganga SSK Ltd.,6916.0,31.28,216353.25
Kumbhi-Kasari S.S.K. Ltd.,Karan Sugars Pvt. Ltd.,4456.8,12.78,56976.01
Shree Chhatrapati Shahu S.S.K. Ltd.,Karan Sugars Pvt. Ltd.,7561.6,13.98,105718.92
Shree Bhogawati Sahakari Sakhar Karkhana Ltd.,Karan Sugars Pvt. Ltd.,11065.6,22.72,251422.07
Athani Sugars Ltd. (Bhudargad Unit-4),Karan Sugars Pvt. Ltd.,6916.0,64.99,449479.65
Karmayogi Shankarraoji Patil S.S.K. Ltd.,Karmayogi Shankarraoji Patil SSK Ltd.,22131.2,0.0,81.21
Loknete Balasaheb Desai SSK Ltd. – Marali,Kisanveer Satara SSK Ltd.,3458.0,32.35,111873.62
Dalmia Bharat Sugar and Industries Ltd. (Ninaidevi),Kisanveer Satara SSK Ltd.,13832.0,55.69,770339.47
Vishwasrao Naik Sahakari Sakhar Karkhana Ltd.,Kisanveer Satara SSK Ltd.,6916.0,76.33,527915.84
Shri Tatyasaheb Kore Warana S.S.K. Ltd.,Kisanveer Satara SSK Ltd.,5794.0,89.58,519032.14
Gudagunti-Pratapgad Sugars & Bioenergies Pvt. Ltd. – Songaon,Laxmi Organic Industries Ltd.,6916.0,58.33,403403.38
Shree Siddheshwar S.S.K. Ltd.,Lokmangal Agro Industries Ltd.,20748.0,20.08,416610.84
Gokul Sugar Industries Ltd.,Lokmangal Agro Industries Ltd.,9682.4,26.8,259511.22
Jai Hind Sugar Pvt. Ltd.,Lokmangal Agro Industries Ltd.,9682.4,35.23,341126.19
Onkar Sakhar Karkhana Pvt. Ltd. Unit 15 (Matoshri Laxmi Sugar),Lokmangal Agro Industries Ltd.,4887.2,69.23,338346.39
Lokmangal Sugar Ethanol & Co-generation Industries Ltd.,"Lokmangal Sugar, Ethanol & Cogeneration Industries Ltd.",16598.4,0.33,5539.77
Lokshakti Sugar and Allied Industries Ltd.,"Lokmangal Sugar, Ethanol & Cogeneration Industries Ltd.",13693.68,16.02,219335.5
Onkar Power Corporation Pvt. Ltd. Unit No. 5 (GM Sugar),"Lokmangal Sugar, Ethanol & Cogeneration Industries Ltd.",13002.08,28.52,370756.64
Onkar Sakhar Karkhana Pvt. Ltd. Unit 15 (Matoshri Laxmi Sugar),"Lokmangal Sugar, Ethanol & Cogeneration Industries Ltd.",1705.84,66.66,113703.86
Loknete Baburao Patil Agro Industries Ltd.,Loknete Baburao Patil SSK Ltd.,10733.63,6.66,71485.51
Bhima Sahakari Sakhar Karkhana Ltd.,Loknete Baburao Patil SSK Ltd.,6685.68,16.25,108667.58
Lokmangal Agro Industries Ltd.,Loknete Baburao Patil SSK Ltd.,6916.0,17.56,121446.06
Babanraoji Shinde Sugar & Allied Industries Ltd.,Loknete Baburao Patil SSK Ltd.,976.93,22.67,22151.56
Jakraya Sugar Ltd.,Loknete Baburao Patil SSK Ltd.,9682.4,27.93,270460.0
Swami Samarth Sahakari Sakhar Karkhana Ltd. (Closed),Loknete Baburao Patil SSK Ltd.,6916.0,66.97,463184.45
Onkar Sakhar Karkhana Pvt. Ltd. Unit 15 (Matoshri Laxmi Sugar),Loknete Baburao Patil SSK Ltd.,3089.36,90.66,280077.78
"NSL Sugars Ltd., Unit-3 Jay Mahesh",Majalgaon SSK Ltd.,12448.8,4.38,54574.1
Chhatrapati Sahakari Sakhar Karkhana Ltd.,Majalgaon SSK Ltd.,3458.0,11.33,39185.69
Loknete Sundarraoji Solanke Sahakari Sakhar Karkhana Ltd.,Majalgaon SSK Ltd.,13832.0,20.68,286047.66
Shree Renuka Sugars Ltd.,Majalgaon SSK Ltd.,3458.0,25.08,86738.28
Samrudhi Sugars Ltd.,Majalgaon SSK Ltd.,6916.0,36.4,251751.0
Jai Bhawani Sahakari Sakhar Karkhana Ltd.,Majalgaon SSK Ltd.,6916.0,48.43,334956.55
Shree Tuljabhavani Sugar Pvt. Ltd.,Majalgaon SSK Ltd.,8760.0,56.78,497389.03
Karmayogi Ankushrao Tope Samarth Sahakari Sakhar Karkhana Ltd.,Majalgaon SSK Ltd.,5855.6,60.42,353813.24
Karmayogi Ankushrao Tope Samarth Sahakari Sakhar Karkhana Ltd.,Majalgaon SSK Ltd.,5855.6,60.42,353813.24
Shri Chhatrapati Sahakari Sakhar Karkhana Ltd.,Malegaon SSK Ltd.,12879.2,11.7,150635.46
Baramati Agro Ltd. (Unit-1),Malegaon SSK Ltd.,17120.8,16.67,285374.05
Lokmangal Mauli Industries Ltd.,Manjara Shetkari SSK Ltd.,16598.4,50.4,836514.38
Yedeshwari Agro Products Ltd. Unit No. 2,Natural Sugar & Allied Ind. Ltd.,6916.0,12.41,85844.13
Dharashiv Sahakari Sakhar Karkhana Ltd.,Natural Sugar & Allied Ind. Ltd.,3458.0,27.71,95837.97
Dharashiv Sahakari Sakhar Karkhana Ltd.,Natural Sugar & Allied Ind. Ltd.,3458.0,27.71,95837.97
Bhairavnath Sugar Works Ltd. Unit-6 (Terna),Natural Sugar & Allied Ind. Ltd.,13832.0,31.48,435463.76
Bhairavnath Sugar Works Ltd. Unit-6 (Terna),Natural Sugar & Allied Ind. Ltd.,13832.0,31.48,435463.76
Babanraoji Shinde Sugar & Allied Industries Ltd.,Natural Sugar & Allied Ind. Ltd.,3504.0,41.07,143921.07
Raigaon Sugar & Power Ltd.,Oasis Alcohol Ltd.,24235.6,23.44,568161.19
Sahyadri Sahakari Sakhar Karkhana Ltd. – Sahyadri,Oasis Alcohol Ltd.,10712.4,25.45,272586.6
Yashwantrao Mohite Krishna S.S.K. Ltd. – Krishna,Oasis Alcohol Ltd.,6516.48,47.07,306757.17
Rajarambapu Patil Sahakari Sakhar Karkhana Ltd. (Unit-1),Oasis Alcohol Ltd.,19364.8,58.34,1129748.34
Padmabhushan Krantiveer Dr. Nagnathanna Nayakawadi Hutatma Kisan Ahir SSK Ltd.,Oasis Alcohol Ltd.,6670.72,66.12,441052.63
Padmashri Dr. Vitthalrao Vikhe Patil S.S.K. Ltd.,Padmashri Dr. Vitthalrao Vikhe Patil SSK Ltd.,13832.0,1.01,13944.81
Dr. Baburao Bapuji Tanpure S.S.K. Ltd. – Rahuri,Padmashri Dr. Vitthalrao Vikhe Patil SSK Ltd.,2198.0,17.96,39482.08
Shri Gajanan Maharaj Sugar Ltd. (Utech Sugar Ltd.),Padmashri Dr. Vitthalrao Vikhe Patil SSK Ltd.,9682.4,27.1,262437.04
Shri Gajanan Maharaj Sugar Ltd. (Utech Sugar Ltd.),Padmashri Dr. Vitthalrao Vikhe Patil SSK Ltd.,9682.4,27.1,262437.04
Shri Gajanan Maharaj Sugar Ltd. (Utech Sugar Ltd.),Padmashri Dr. Vitthalrao Vikhe Patil SSK Ltd.,9682.4,27.1,262437.04
Sahakarmaharshi Bhausaheb Thorat S.S.K. Ltd. – Sangamner,Padmashri Dr. Vitthalrao Vikhe Patil SSK Ltd.,16598.4,33.0,547698.12
Purna Sahakari Sakhar Karkhana Ltd.,Purna SSK Ltd.,6916.0,4.9,33904.98
Tokai Sahakari Sakhar Karkhana Ltd. (Shri Tuljabhavani Sugar Pvt. Ltd.-Unit 2),Purna SSK Ltd.,3458.0,13.46,46533.39
Kapeeshwar Sugars & Chemicals Ltd.,Purna SSK Ltd.,6916.0,22.72,157110.73
Baliraja Sakhar Karkhana Ltd.,Purna SSK Ltd.,9682.4,22.86,221353.23
Twenty One Sugars Ltd. (Unit-3),Purna SSK Ltd.,3027.6,33.74,102164.12
Manas Agro Industries and Infrastructure Ltd. (Unit-1),Purti Power and Sugar Ltd.,6916.0,27.87,192761.77
Sahakar Maharshi Late Bapuraoji Deshmukh Sahakari Sakhar Karkhana Ltd. (Closed),Purti Power and Sugar Ltd.,6916.0,45.24,312867.44
Sahakar Maharshi Late Bapuraoji Deshmukh Sahakari Sakhar Karkhana Ltd. (Closed),Purti Power and Sugar Ltd.,6916.0,45.24,312867.44
Venkateshwara Power Project Ltd. (Unit-2),Purti Power and Sugar Ltd.,6916.0,55.33,382689.56
Natural Growers Pvt. Ltd. (Sugar Factory),Purti Power and Sugar Ltd.,1659.84,59.68,99063.57
Manas Agro Industries and Infrastructure Ltd. (Unit 4),Purti Power and Sugar Ltd.,3458.0,60.66,209764.17
Manas Agro Industries & Infrastructure Ltd. (Unit-3),Purti Power and Sugar Ltd.,3458.0,71.39,246864.39
Shri Saibaba Sugars Ltd.,Rajalaxmi Petrochem Pvt. Ltd.,6916.0,14.14,97824.21
Shri Sant Shiromani Maruti Maharaj Sahakari Sakhar Karkhana Ltd.,Rajalaxmi Petrochem Pvt. Ltd.,3458.0,31.35,108414.18
Onkar Sahakari Sakhar Karkhana Pvt. Ltd. (Unit-2),Rajalaxmi Petrochem Pvt. Ltd.,6916.0,37.55,259724.99
Onkar Sahakari Sakhar Karkhana Pvt. Ltd. (Unit-2),Rajalaxmi Petrochem Pvt. Ltd.,6916.0,37.55,259724.99
Shree Nilkantheshwar Shetkari Sahakari Sakhar Karkhana Ltd.,Rajalaxmi Petrochem Pvt. Ltd.,3458.0,38.15,131915.6
Quinergy Industries Ltd. (Lease Bhausaheb Birajdar SSK Ltd.),Rajalaxmi Petrochem Pvt. Ltd.,3458.0,51.04,176480.11
Vilas Sahakari Sakhar Karkhana Ltd. (Unit-2),Rajalaxmi Petrochem Pvt. Ltd.,6916.0,54.02,373614.88
Shri Vitthal Sahakari Sakhar Karkhana Ltd.,Rajalaxmi Petrochem Pvt. Ltd.,6916.0,62.78,434191.9
Shri Vitthal Sahakari Sakhar Karkhana Ltd.,Rajalaxmi Petrochem Pvt. Ltd.,6916.0,62.78,434191.9
Shri Tuljabhavani Shetkari Sahakari Sakhar Karkhana Ltd.,Rajalaxmi Petrochem Pvt. Ltd.,1306.4,70.29,91821.58
Shri Tuljabhavani Shetkari Sahakari Sakhar Karkhana Ltd.,Rajalaxmi Petrochem Pvt. Ltd.,1306.4,70.29,91821.58
Padmabhushan Krantiveer Dr. Nagnathanna Nayakawadi Hutatma Kisan Ahir SSK Ltd.,Rajarambapu Patil SSK Ltd.,7161.28,11.12,79637.93
Sharad Sahakari Sakhar Karkhana Ltd.,Rajarambapu Patil SSK Ltd.,6916.0,12.31,85161.22
Shri Chhatrapati Rajaram Sahakari Sakhar Karkhana Ltd.,Rajarambapu Patil SSK Ltd.,338.4,27.47,9296.72
Kallappanna Awade Jawahar Shetkari Sahakari Sakhar Karkhana Ltd.,Rajarambapu Patil SSK Ltd.,15584.32,36.26,565045.32
Vikasratna Vilasrao Deshmukh Manjara Shetkari Sahakari Sakhar Karkhana Ltd.,Rena SSK Ltd.,3027.6,7.35,22263.5
Vilas Sahakari Sakhar Karkhana Ltd.,Rena SSK Ltd.,9682.4,23.32,225746.23
D.D.N.S.F.A. Ltd. (Unit-2),Rena SSK Ltd.,3458.0,27.93,96584.5
Natural Sugar and Allied Industries Ltd.,Rena SSK Ltd.,13832.0,32.85,454392.72
Shree Chhatrapati Shahu S.S.K. Ltd.,Sadashivrao Mandalik Kagal SSK Ltd.,6270.4,1.43,8978.76
Sarsenapati Santaji Ghorpade Sugar Factory Ltd.,Sadashivrao Mandalik Kagal SSK Ltd.,22131.2,33.82,748484.89
Appasaheb Nalawade Gadhinglaj Taluka SSK Ltd.,Sadashivrao Mandalik Kagal SSK Ltd.,6916.0,46.04,318410.81
Atharv Intertrade Pvt. Ltd. (Daulat Sugar Unit),Sadashivrao Mandalik Kagal SSK Ltd.,9682.4,75.71,733038.21
Shree Shankar Sahakari Sakhar Karkhana Ltd.,Sahakar Maharshi Shankarrao Mohite Patil SSK Ltd.,6916.0,10.65,73643.98
Sadguru Sri Sri Sakhar Karkhana Ltd.,Sahakar Maharshi Shankarrao Mohite Patil SSK Ltd.,6916.0,35.27,243960.63
Swaraj Green Power & Fuel Ltd. – Swaraj,Sahakar Maharshi Shankarrao Mohite Patil SSK Ltd.,5008.8,37.76,189152.0
Khatav-Man Taluka Agro Processing Pvt. Ltd.,Sahakar Maharshi Shankarrao Mohite Patil SSK Ltd.,6916.0,46.74,323253.69
Green Power Sugars Ltd.,Sahakar Maharshi Shankarrao Mohite Patil SSK Ltd.,9682.4,53.85,521377.51
Manganga Sahakari Sakhar Karkhana Ltd.,Sahakar Maharshi Shankarrao Mohite Patil SSK Ltd.,9682.4,54.33,526023.45
Jarandeshwar Sugar Mills Pvt. Ltd. – Koregaon,Sahakar Maharshi Shankarrao Mohite Patil SSK Ltd.,11065.6,57.75,639033.93
Bharati Sugars & Fuels Pvt. Ltd. / Yashwant Sugar & Power,Sahakar Maharshi Shankarrao Mohite Patil SSK Ltd.,3458.0,64.55,223201.74
Raigaon Sugar & Power Ltd.,Sahakar Maharshi Shankarrao Mohite Patil SSK Ltd.,662.0,68.42,45294.41
Sharyu Agro Industries Ltd. – Sharyu Agro,Sahakar Maharshi Shankarrao Mohite Patil SSK Ltd.,13832.0,75.55,1045032.33
Udagiri Sugar & Power Ltd.,Sahakar Maharshi Shankarrao Mohite Patil SSK Ltd.,6916.0,77.03,532737.51
Dr. Patangrao Kadam Sonhira SSK Ltd.,Sahakar Maharshi Shankarrao Mohite Patil SSK Ltd.,15215.2,82.88,1260997.52
Krantiagrani Dr. G.D. Bapu Lad Sahakari Sakhar Karkhana Ltd.,Sahakar Maharshi Shankarrao Mohite Patil SSK Ltd.,13832.0,89.26,1234686.61
Bharti Energy Sugar Pvt. Ltd. (Tasgaon Palus Sakhar Karkhana),Sahakar Maharshi Shankarrao Mohite Patil SSK Ltd.,3458.0,93.59,323647.81
Shri Mahankali S.S.K. Ltd.,Sahakar Maharshi Shankarrao Mohite Patil SSK Ltd.,3458.0,97.57,337381.79
Rajarambapu Patil SSK Ltd. (Unit-3),Sahakar Maharshi Shankarrao Mohite Patil SSK Ltd.,6916.0,98.1,678475.41
Rajarambapu Patil SSK Ltd. (Unit-2),Sahakar Maharshi Shankarrao Mohite Patil SSK Ltd.,11065.6,98.49,1089830.84
Ashti Sugar Ltd.,Sahakar Shiromani Vasantrao Kale SSK Ltd.,6916.0,20.09,138938.16
Bhima Sahakari Sakhar Karkhana Ltd.,Sahakar Shiromani Vasantrao Kale SSK Ltd.,7146.32,21.91,156550.62
Dharashiv Sakhar Karkhana Ltd. (Unit 4),Sahakar Shiromani Vasantrao Kale SSK Ltd.,6916.0,26.86,185780.51
Autade Sugar and Distilleries Pvt. Ltd.,Sahakar Shiromani Vasantrao Kale SSK Ltd.,13832.0,39.03,539912.6
Bhairavnath Sugar Works Ltd. (Unit-III),Sahakar Shiromani Vasantrao Kale SSK Ltd.,6916.0,50.79,351271.44
Rajarambapu Patil SSK Ltd. (Unit-4),Sahakar Shiromani Vasantrao Kale SSK Ltd.,3273.68,68.08,222871.22
Khadkapurna Agro Ltd. (Leased Siddheshwar S.S.K. Ltd.),Samarth SSK Ltd.,5532.8,21.98,121622.54
Karmayogi Ankushrao Tope Samarth Sahakari Sakhar Karkhana Ltd.,Samarth SSK Ltd.,5210.0,25.52,132969.46
Karmayogi Ankushrao Tope Samarth Sahakari Sakhar Karkhana Ltd.,Samarth SSK Ltd.,5210.0,25.52,132969.46
Jalna Sahakari Sakhar Karkhana Ltd. (Closed),Samarth SSK Ltd.,11065.6,34.03,376568.62
Jalna Sahakari Sakhar Karkhana Ltd. (Closed),Samarth SSK Ltd.,11065.6,34.03,376568.62
Shree Rameshwar Sahakari Sakhar Karkhana Ltd.,Samarth SSK Ltd.,6916.0,72.05,498274.03
Shri Gurudatt Sugars Ltd.,Shree Datta Shetkari SSK Ltd.,16598.4,12.4,205765.95
Kallappanna Awade Jawahar Shetkari Sahakari Sakhar Karkhana Ltd.,Shree Datta Shetkari SSK Ltd.,15122.88,22.54,340921.63
Olam Global Agri Commodities India Pvt. Ltd. (Hemarus),Shree Datta Shetkari SSK Ltd.,13278.72,78.45,1041669.77
Swaraj Green Power & Fuel Ltd. – Swaraj,Shree Pandurang SSK Ltd.,4673.6,37.93,177257.11
Shri Tatyasaheb Kore Warana S.S.K. Ltd.,Shree Tatyasaheb Kore Warana SSK Ltd.,17336.0,8.85,153477.51
Shree Datta Sakhar Karkhana / Dalmia Bharat Sugar & Industries Ltd.,Shree Tatyasaheb Kore Warana SSK Ltd.,27664.0,14.82,410000.39
Shri Chhatrapati Rajaram Sahakari Sakhar Karkhana Ltd.,Shri Chhatrapati Rajaram SSK Ltd.,9344.0,5.53,51673.11
Kumbhi-Kasari S.S.K. Ltd.,Shri Chhatrapati Rajaram SSK Ltd.,9375.2,12.78,119853.15
Shree Dudhganga Vedganga S.S.K. Ltd.,Shri Chhatrapati Rajaram SSK Ltd.,12448.8,32.19,400783.14
Onkar Sugar & Distillery Power Pvt. Ltd. (Farale Unit-3),Shri Chhatrapati Rajaram SSK Ltd.,6916.0,43.1,298048.95
Ajara Shetkari Sahakari Sakhar Karkhana Ltd.,Shri Chhatrapati Rajaram SSK Ltd.,6916.0,67.73,468389.01
Swami Samarth Sugar and Agro Industries Ltd.,Shri Dnyaneshwar SSK Ltd.,6916.0,4.68,32391.82
Swami Samarth Sugar and Agro Industries Ltd.,Shri Dnyaneshwar SSK Ltd.,6916.0,4.68,32391.82
"Rajeev Agro Power Pvt. Ltd. (Bhairavnath Sugar Works Ltd., Unit-IV)",Shri Dnyaneshwar SSK Ltd.,6916.0,12.61,87243.32
Mula Sahakari Sakhar Karkhana Ltd.,Shri Dnyaneshwar SSK Ltd.,307.2,18.96,5824.88
Sangharshyoddha Babanrao Dahanake Kedareswar SSK Ltd.,Shri Dnyaneshwar SSK Ltd.,6916.0,19.9,137643.73
Sachin Ghayal Sugar Pvt. Ltd. (Lease Unit Shree Sant Eknath S.S.K. Ltd.),Shri Dnyaneshwar SSK Ltd.,6916.0,46.16,319273.74
Shri Renukadevi Sharad Sahakari Sakhar Karkhana Ltd.,Shri Dnyaneshwar SSK Ltd.,3458.0,49.26,170350.46
Shri Renukadevi Sharad Sahakari Sakhar Karkhana Ltd.,Shri Dnyaneshwar SSK Ltd.,3458.0,49.26,170350.46
Chhatrapati Sambhaji Raje Sakhar Udyog Ltd.,Shri Dnyaneshwar SSK Ltd.,3196.8,65.12,208190.45
Raiganga Sugar and Allied Product LLP (Operator of Banganga SSK Ltd.),Shri Makai SSK Ltd.,3458.0,6.75,23337.5
Vrindavan Sugar and Allied Products LLP (Indreshwar Sugar),Shri Makai SSK Ltd.,6916.0,21.24,146870.8
Bhimashankar Sugar Mills Pvt. Ltd.,Shri Makai SSK Ltd.,1383.2,24.31,33622.65
Bhairavnath Sugar Works Ltd. (Unit-I),Shri Makai SSK Ltd.,3458.0,29.76,102903.35
Bhairavnath Sugar Works Ltd. (Unit-V),Shri Makai SSK Ltd.,3458.0,30.57,105713.12
Bhairavnath Sugar Works Ltd. (Unit No. 07),Shri Makai SSK Ltd.,3458.0,31.02,107262.26
Bhairavnath Sugar Works Ltd. (Unit No. 07),Shri Makai SSK Ltd.,3458.0,31.02,107262.26
Onkar Sugar Corporation Pvt. Ltd. (Unit-6),Shri Makai SSK Ltd.,1068.93,39.01,41701.81
Babanraoji Shinde Sugar & Allied Industries Ltd.,Shri Makai SSK Ltd.,9351.07,42.62,398503.37
Baramati Agro Ltd. – Unit 3 (Jaishriram),Shri Makai SSK Ltd.,5532.8,51.75,286307.12
D.V.P. Commodity Export (Shri Gajanan Sahakari Sakhar Karkhana Ltd.),Shri Makai SSK Ltd.,3458.0,65.33,225911.32
Karmayogi Kundlikrao Ramrao Jagtap Patil Kukadi SSK Ltd.,Shri Saikrupa Sugar & Allied Industries,9682.4,7.83,75830.69
Piyush Sugar and Power Pvt. Ltd.,Shri Saikrupa Sugar & Allied Industries,6916.0,13.68,94618.98
Mahesh Sahakari Sakhar Karkhana Ltd. (Closed),Shri Saikrupa Sugar & Allied Industries,3458.0,41.76,144407.39
The Malegaon Sahakari Sakhar Karkhana Ltd.,Shri Someshwar SSK Ltd.,11065.6,8.34,92257.48
Shri Chhatrapati Sahakari Sakhar Karkhana Ltd.,Shri Someshwar SSK Ltd.,5102.4,11.7,59677.8
Shri Someshwar Sahakari Sakhar Karkhana Ltd.,Shri Someshwar SSK Ltd.,13832.0,31.34,433499.15
Bhimashankar Sahakari Sakhar Karkhana Ltd.,Shri Vighnahar SSK Ltd.,6916.0,9.55,66080.6
Parag Agro Foods & Allied Products Pvt. Ltd.,Shri Vighnahar SSK Ltd.,12448.8,14.0,174328.36
Venkateshkrupa Sugar Mills Ltd.,Shri Vighnahar SSK Ltd.,6916.0,18.04,124761.89
Shri Vighnahar Sahakari Sakhar Karkhana Ltd.,Shri Vighnahar SSK Ltd.,13832.0,33.37,461545.62
Sahakar Shiromani Vasantrao Kale Sahakari Sakhar Karkhana Ltd.,Shri Vitthal SSK Ltd.,6916.0,8.76,60580.8
Sitaram Maharaj Sakhar Karkhana (Khardi) Ltd.,Shri Vitthal SSK Ltd.,6916.0,14.94,103308.23
Shri Sant Damaji Sahakari Sakhar Karkhana Ltd.,Shri Vitthal SSK Ltd.,6916.0,21.62,149527.6
Utopian Sugars Ltd.,Shri Vitthal SSK Ltd.,13693.68,23.56,322651.82
Rajarambapu Patil SSK Ltd. (Unit-4),Shri Vitthal SSK Ltd.,3642.32,68.08,247968.13
Shripati Sugar and Power Ltd.,Shri Vitthal SSK Ltd.,6916.0,84.35,583367.61
Shri Chintamani Yashwant Sahakari Sakhar Karkhana Ltd.,Sterling Chemicals & Alcohols Pvt. Ltd.,9682.4,13.49,130600.03
Shri Chintamani Yashwant Sahakari Sakhar Karkhana Ltd.,Sterling Chemicals & Alcohols Pvt. Ltd.,9682.4,13.49,130600.03
Rajgad Sahakari Sakhar Karkhana Ltd.,Sterling Chemicals & Alcohols Pvt. Ltd.,3458.0,21.95,75893.15
Shri Sant Tukaram Sahakari Sakhar Karkhana Ltd.,Sterling Chemicals & Alcohols Pvt. Ltd.,6916.0,23.4,161833.71
Sahakar Maharshi Shankarrao Kolhe S.S.K. Ltd.,The Sanjivani (Takli) SSK Ltd.,12448.8,3.02,37569.97
Karmaveer Shankarrao Kale Sahakari Sakhar Karkhana Ltd.,The Sanjivani (Takli) SSK Ltd.,11065.6,13.14,145431.18
Baramati Agro Ltd. (Unit-2),The Sanjivani (Takli) SSK Ltd.,9036.8,78.98,713701.46
Spica Green Energy & Agro Pvt. Ltd. / Ravalgaon Sakhar,The Sanjivani (Takli) SSK Ltd.,5532.8,82.63,457184.61
Belganga Sugar Factory (Old Ambaji Sugar Agro Industries Ltd.),The Sanjivani (Takli) SSK Ltd.,6916.0,86.27,596611.64
Nira Bhima Sahakari Sakhar Karkhana Ltd.,The Saswad Mali Sugar Factory Ltd.,9682.4,15.38,148938.59
Shiur Sahkar Karkhana Ltd.,Vaibhav Liquors Pvt. Ltd.,6916.0,57.72,399197.74
Natural Sugar and Allied Industries Ltd. (Unit-2),Vaibhav Liquors Pvt. Ltd.,6916.0,90.7,627282.03
Onkar Sakhar Karkhana Pvt. Ltd. Unit-8,Vaidyanath SSK Ltd.,12448.8,10.13,126135.45
Ambajogai Sahakari Sakhar Karkhana Ltd.,Vaidyanath SSK Ltd.,6916.0,20.67,142970.3
Ambajogai Sahakari Sakhar Karkhana Ltd.,Vaidyanath SSK Ltd.,6916.0,20.67,142970.3
G7 Sugar Ltd.,Vaidyanath SSK Ltd.,11188.8,29.68,332138.34
Yogeshwari Sugar Industries Pvt. Ltd.,Vaidyanath SSK Ltd.,4149.6,42.09,174660.35
Yedeshwari Agro Products Ltd.,Vaidyanath SSK Ltd.,9682.4,45.96,444985.68
Gangamauli Sugar and Allied Industries Pvt. Ltd.,Vaidyanath SSK Ltd.,6916.0,47.05,325385.97
Gangamauli Sugar and Allied Industries Pvt. Ltd.,Vaidyanath SSK Ltd.,6916.0,47.05,325385.97
Shree Tuljabhavani Sugar Pvt. Ltd.,Vaidyanath SSK Ltd.,922.4,72.73,67083.85
Shri Dutt India Pvt. Ltd. (Operator of Vasantdada SSK Ltd.),Vasantdada SSK Ltd.,20748.0,3.43,71222.08
Shree Datta Shetkari S.S.K. Ltd.,Vasantdada SSK Ltd.,19364.8,11.03,213561.96
Deshbhakta Ratnappa Kumbhar Panchganga S.S.K. Ltd.,Vasantdada SSK Ltd.,13832.0,21.07,291479.6
Mohanrao Shinde Sahakari Sakhar Karkhana Ltd.,Vasantdada SSK Ltd.,11065.6,21.8,241239.17
Kallappanna Awade Jawahar Shetkari Sahakari Sakhar Karkhana Ltd.,Vasantdada SSK Ltd.,2489.6,33.13,82490.97
Twenty One Sugars Ltd.,Vikas SSK Ltd.,20748.0,7.26,150717.45
Vikasratna Vilasrao Deshmukh Manjara Shetkari Sahakari Sakhar Karkhana Ltd.,Vikas SSK Ltd.,6654.8,9.12,60668.13
Rena Sahakari Sakhar Karkhana Ltd.,Vikas SSK Ltd.,6916.0,12.88,89065.76
Pannageshwar Sugar Mills Ltd.,Vikas SSK Ltd.,3458.0,22.51,77833.91
The Saswad Mali Sugar Factory Ltd.,Vithalrao Shinde SSK Ltd.,9682.4,10.46,101308.57
Vitthalrao Shinde Sahakari Sakhar Karkhana Ltd.,Vithalrao Shinde SSK Ltd.,27387.36,17.29,473598.04
Karmayogi Sudhakar Pant Paricharak Pandurang Sahakari Sakhar Karkhana Ltd.,Vithalrao Shinde SSK Ltd.,12448.8,20.78,258657.58
Sahakar Maharshi Shankarrao Mohite-Patil Sahakari Sakhar Karkhana Ltd.,Vithalrao Shinde SSK Ltd.,19918.08,21.08,419967.22
Onkar Sugar Corporation Pvt. Ltd. (Unit-6),Vithalrao Shinde SSK Ltd.,5847.07,42.58,248988.34
Shree Sant Kurmdas Sahakari Sakhar Karkhana Ltd.,Vithalrao Shinde SSK Ltd.,3458.0,44.21,152877.51
"Vitthalrao Shinde SSK Ltd., Unit No.-2",Vitthal Corporation Ltd.,6916.0,17.29,119595.47
Shri Adinath Sahakari Sakhar Karkhana Ltd.,Vitthal Corporation Ltd.,6916.0,21.91,151542.49
Shri Makai Sahakari Sakhar Karkhana Ltd.,Vitthal Corporation Ltd.,3458.0,23.41,80958.2
Yashwantrao Mohite Krishna S.S.K. Ltd. – Krishna,Yashwantrao Mohite Krishna SSK Ltd.,13401.6,15.1,202413.06
Siddhanath Sugar Mills Ltd.,Yashwantrao Mohite Krishna SSK Ltd.,16598.4,25.18,417990.43
Niphad Sahakari Sakhar Karkhana Ltd.,Yogeshwari Petrochemicals,9682.4,28.66,277517.21
The Kadwa Sahakari Sakhar Karkhana Ltd.,Yogeshwari Petrochemicals,4564.56,29.59,135043.29
S.M. Shankarao Kolhe S.S.K. Ltd. / K.K. Wagh SSK,Yogeshwari Petrochemicals,3458.0,39.29,135876.76
D.V.P. Dharashiv Sakhar Karkhana – Unit 2 (Vasantdada Patil SSK Ltd.),Yogeshwari Petrochemicals,6916.0,70.37,486665.18
Dwarkadhish Sakhar Karkhana Ltd.,Yogeshwari Petrochemicals,11065.6,96.22,1064710.97
